{"cameraMode":{"drawMode":0,"name":"Shaded","section":"Shading Mode"},"sceneLighting":false,"audioPlay":false,"sceneViewState":{"showFog":true,"showMaterialUpdate":false,"showSkybox":true,"showFlares":true,"showImageEffects":true,"showParticleSystems":true},"in2DMode":false,"pivot":{"x":-3.561000108718872,"y":0.031999945640563968,"z":0.0},"rotation":{"x":0.16410863399505616,"y":-0.5597695112228394,"z":0.11423443257808685,"w":0.804162323474884},"size":5.444723129272461,"orthographic":false}